{"priority_zones":[{"name":"Hawaii","localized_name":"Hawaii (-10:00)"},{"name":"Alaska","localized_name":"Alaska (-09:00/-08:00)"},{"name":"Pacific Time (US \u0026 Canada)","localized_name":"Kyrrahafstími (Bandaríkin og Kanada) (-08:00/-07:00)"},{"name":"Arizona","localized_name":"Arizona (-07:00)"},{"name":"Mountain Time (US \u0026 Canada)","localized_name":"Fjallatími (Bandaríkin og Kanada) (-07:00/-06:00)"},{"name":"Central Time (US \u0026 Canada)","localized_name":"Miðríkjatími (Bandaríkin og Kanada) (-06:00/-05:00)"},{"name":"Eastern Time (US \u0026 Canada)","localized_name":"Austurstrandartími (Bandaríkin og Kanada) (-05:00/-04:00)"},{"name":"Indiana (East)","localized_name":"Austur-Indíanafylki (-05:00/-04:00)"}],"timezones":[{"name":"American Samoa","localized_name":"Bandaríska Samóa (-11:00)"},{"name":"International Date Line West","localized_name":"Alþjóðleg daglína - Vestur (-11:00)"},{"name":"Midway Island","localized_name":"Midway-eyja (-11:00)"},{"name":"Hawaii","localized_name":"Hawaii (-10:00)"},{"name":"Alaska","localized_name":"Alaska (-09:00/-08:00)"},{"name":"Pacific Time (US \u0026 Canada)","localized_name":"Kyrrahafstími (Bandaríkin og Kanada) (-08:00/-07:00)"},{"name":"Tijuana","localized_name":"Tijuana (-08:00/-07:00)"},{"name":"Arizona","localized_name":"Arizona (-07:00)"},{"name":"Chihuahua","localized_name":"Chihuahua (-07:00/-06:00)"},{"name":"Mazatlan","localized_name":"Mazatlan (-07:00/-06:00)"},{"name":"Mountain Time (US \u0026 Canada)","localized_name":"Fjallatími (Bandaríkin og Kanada) (-07:00/-06:00)"},{"name":"Central America","localized_name":"Mið-Ameríka (-06:00)"},{"name":"Central Time (US \u0026 Canada)","localized_name":"Miðríkjatími (Bandaríkin og Kanada) (-06:00/-05:00)"},{"name":"Guadalajara","localized_name":"Guadalajara (-06:00/-05:00)"},{"name":"Mexico City","localized_name":"Mexíkóborg (-06:00/-05:00)"},{"name":"Monterrey","localized_name":"Monterrey (-06:00/-05:00)"},{"name":"Saskatchewan","localized_name":"Saskatchewan (-06:00)"},{"name":"Bogota","localized_name":"Bógota (-05:00)"},{"name":"Eastern Time (US \u0026 Canada)","localized_name":"Austurstrandartími (Bandaríkin og Kanada) (-05:00/-04:00)"},{"name":"Eirunepe","localized_name":"Eirunepé (-05:00)"},{"name":"Indiana (East)","localized_name":"Austur-Indíanafylki (-05:00/-04:00)"},{"name":"Lima","localized_name":"Líma (-05:00)"},{"name":"Quito","localized_name":"Quito (-05:00)"},{"name":"Asuncion","localized_name":"Asuncion (-04:00/-03:00)"},{"name":"Atlantic Time (Canada)","localized_name":"Atlantshafstími (Kanada) (-04:00/-03:00)"},{"name":"Caracas","localized_name":"Caracas (-04:00)"},{"name":"Cuiaba","localized_name":"Cuiabá (-04:00/-03:00)"},{"name":"Georgetown","localized_name":"Georgetown (-04:00)"},{"name":"La Paz","localized_name":"La Paz (-04:00)"},{"name":"Manaus","localized_name":"Manaus (-04:00)"},{"name":"Santiago","localized_name":"Santíagó (-04:00/-03:00)"},{"name":"Newfoundland","localized_name":"Nýfundnaland (-03:30/-02:30)"},{"name":"Brasilia","localized_name":"Brasilía (-03:00/-02:00)"},{"name":"Buenos Aires","localized_name":"Buenos Aires (-03:00)"},{"name":"Fortaleza","localized_name":"Fortaleza (-03:00)"},{"name":"Greenland","localized_name":"Grænland (-03:00/-02:00)"},{"name":"Montevideo","localized_name":"Montevídeó (-03:00)"},{"name":"Mid-Atlantic","localized_name":"Mið-Atlantshafs (-02:00)"},{"name":"Noronha","localized_name":"Noronha (-02:00)"},{"name":"Azores","localized_name":"Asóreyjar (-01:00/+00:00)"},{"name":"Cape Verde Is.","localized_name":"Grænhöfðaeyjar (-01:00)"},{"name":"Casablanca","localized_name":"Casablanca (+00:00/+01:00)"},{"name":"Dublin","localized_name":"Dublin (+00:00/+01:00)"},{"name":"Edinburgh","localized_name":"Edinborg (+00:00/+01:00)"},{"name":"Lisbon","localized_name":"Lissabon (+00:00/+01:00)"},{"name":"London","localized_name":"London (+00:00/+01:00)"},{"name":"Monrovia","localized_name":"Monróvía (+00:00)"},{"name":"UTC","localized_name":"UTC (+00:00)"},{"name":"Amsterdam","localized_name":"Amsterdam (+01:00/+02:00)"},{"name":"Belgrade","localized_name":"Belgrad (+01:00/+02:00)"},{"name":"Berlin","localized_name":"Berlín (+01:00/+02:00)"},{"name":"Bern","localized_name":"Bern (+01:00/+02:00)"},{"name":"Bratislava","localized_name":"Bratislava (+01:00/+02:00)"},{"name":"Brussels","localized_name":"Brussel (+01:00/+02:00)"},{"name":"Budapest","localized_name":"Búdapest (+01:00/+02:00)"},{"name":"Copenhagen","localized_name":"Kaupmannahöfn (+01:00/+02:00)"},{"name":"Ljubljana","localized_name":"Ljubljana (+01:00/+02:00)"},{"name":"Madrid","localized_name":"Madríd (+01:00/+02:00)"},{"name":"Paris","localized_name":"París (+01:00/+02:00)"},{"name":"Prague","localized_name":"Prag (+01:00/+02:00)"},{"name":"Rome","localized_name":"Róm (+01:00/+02:00)"},{"name":"Sarajevo","localized_name":"Sarajevó (+01:00/+02:00)"},{"name":"Skopje","localized_name":"Skópje (+01:00/+02:00)"},{"name":"Stockholm","localized_name":"Stokkhólmur (+01:00/+02:00)"},{"name":"Vienna","localized_name":"Vín (+01:00/+02:00)"},{"name":"Warsaw","localized_name":"Varsjá (+01:00/+02:00)"},{"name":"West Central Africa","localized_name":"Vestur Mið-Afríka (+01:00)"},{"name":"Zagreb","localized_name":"Zagreb (+01:00/+02:00)"},{"name":"Zurich","localized_name":"Zurich (+01:00/+02:00)"},{"name":"Athens","localized_name":"Aþena (+02:00/+03:00)"},{"name":"Bucharest","localized_name":"Búkarest (+02:00/+03:00)"},{"name":"Cairo","localized_name":"Kaíró (+02:00)"},{"name":"Harare","localized_name":"Harare (+02:00)"},{"name":"Helsinki","localized_name":"Helsinki (+02:00/+03:00)"},{"name":"Jerusalem","localized_name":"Jerúsalem (+02:00/+03:00)"},{"name":"Kaliningrad","localized_name":"Kaliningrad (+02:00)"},{"name":"Kyiv","localized_name":"Kiev (+02:00/+03:00)"},{"name":"Pretoria","localized_name":"Pretóría (+02:00)"},{"name":"Riga","localized_name":"Ríga (+02:00/+03:00)"},{"name":"Sofia","localized_name":"Sófia (+02:00/+03:00)"},{"name":"Tallinn","localized_name":"Tallinn (+02:00/+03:00)"},{"name":"Vilnius","localized_name":"Vilníus (+02:00/+03:00)"},{"name":"Baghdad","localized_name":"Bagdad (+03:00)"},{"name":"Istanbul","localized_name":"Istanbúl (+03:00)"},{"name":"Kuwait","localized_name":"Kúveit (+03:00)"},{"name":"Minsk","localized_name":"Minsk (+03:00)"},{"name":"Moscow","localized_name":"Moskva (+03:00)"},{"name":"Nairobi","localized_name":"Naíróbí (+03:00)"},{"name":"Riyadh","localized_name":"Riyadh (+03:00)"},{"name":"St. Petersburg","localized_name":"Sankti Pétursborg (+03:00)"},{"name":"Volgograd","localized_name":"Volgograd (+03:00)"},{"name":"Tehran","localized_name":"Teheran (+03:30/+04:30)"},{"name":"Abu Dhabi","localized_name":"Abu Dhabi (+04:00)"},{"name":"Baku","localized_name":"Bakú (+04:00)"},{"name":"Muscat","localized_name":"Múskat (+04:00)"},{"name":"Samara","localized_name":"Samara (+04:00)"},{"name":"Tbilisi","localized_name":"Tbilisi (+04:00)"},{"name":"Yerevan","localized_name":"Jerevan (+04:00)"},{"name":"Kabul","localized_name":"Kabúl (+04:30)"},{"name":"Ekaterinburg","localized_name":"Ekaterinburg (+05:00)"},{"name":"Islamabad","localized_name":"Islamabad (+05:00)"},{"name":"Karachi","localized_name":"Karachi (+05:00)"},{"name":"Tashkent","localized_name":"Tashkent (+05:00)"},{"name":"Chennai","localized_name":"Chennai (+05:30)"},{"name":"Kolkata","localized_name":"Kolkata (+05:30)"},{"name":"Mumbai","localized_name":"Múmbaí (+05:30)"},{"name":"New Delhi","localized_name":"Nýja Delí (+05:30)"},{"name":"Sri Jayawardenepura","localized_name":"Sri Jayawardenepura (+05:30)"},{"name":"Kathmandu","localized_name":"Katmandú (+05:45)"},{"name":"Almaty","localized_name":"Almaty (+06:00)"},{"name":"Astana","localized_name":"Astana (+06:00)"},{"name":"Dhaka","localized_name":"Dhaka (+06:00)"},{"name":"Urumqi","localized_name":"Urumqi (+06:00)"},{"name":"Rangoon","localized_name":"Rangoon (+06:30)"},{"name":"Bangkok","localized_name":"Bangkok (+07:00)"},{"name":"Hanoi","localized_name":"Hanoi (+07:00)"},{"name":"Jakarta","localized_name":"Djakarta (+07:00)"},{"name":"Krasnoyarsk","localized_name":"Krasnoyarsk (+07:00)"},{"name":"Novosibirsk","localized_name":"Novosibirsk (+07:00)"},{"name":"Beijing","localized_name":"Beijing (+08:00)"},{"name":"Chongqing","localized_name":"Chongqing (+08:00)"},{"name":"Hong Kong","localized_name":"Hong Kong (+08:00)"},{"name":"Irkutsk","localized_name":"Irkútsk (+08:00)"},{"name":"Kuala Lumpur","localized_name":"Kúala Lúmpúr (+08:00)"},{"name":"Perth","localized_name":"Perth (+08:00)"},{"name":"Philippines","localized_name":"Filippseyjar (+08:00)"},{"name":"Singapore","localized_name":"Singapúr (+08:00)"},{"name":"Taipei","localized_name":"Taipei (+08:00)"},{"name":"Ulaanbaatar","localized_name":"Ulaanbaatar (+08:00)"},{"name":"Osaka","localized_name":"Ósaka (+09:00)"},{"name":"Sapporo","localized_name":"Sapporo (+09:00)"},{"name":"Seoul","localized_name":"Seúl (+09:00)"},{"name":"Tokyo","localized_name":"Tókýó (+09:00)"},{"name":"Yakutsk","localized_name":"Jakútsk (+09:00)"},{"name":"Adelaide","localized_name":"Adelaide (+09:30/+10:30)"},{"name":"Darwin","localized_name":"Darwin (+09:30)"},{"name":"Brisbane","localized_name":"Brisbane (+10:00)"},{"name":"Canberra","localized_name":"Canberra (+10:00/+11:00)"},{"name":"Guam","localized_name":"Guam (+10:00)"},{"name":"Hobart","localized_name":"Hobart (+10:00/+11:00)"},{"name":"Melbourne","localized_name":"Melbourne (+10:00/+11:00)"},{"name":"Port Moresby","localized_name":"Port Moresby (+10:00)"},{"name":"Sydney","localized_name":"Sydney (+10:00/+11:00)"},{"name":"Vladivostok","localized_name":"Vladivostok (+10:00)"},{"name":"Magadan","localized_name":"Magadan (+11:00)"},{"name":"New Caledonia","localized_name":"Nýja Kaledónía (+11:00)"},{"name":"Solomon Is.","localized_name":"Sólomon-eyjar (+11:00)"},{"name":"Srednekolymsk","localized_name":"Srednekolymsk (+11:00)"},{"name":"Auckland","localized_name":"Auckland (+12:00/+13:00)"},{"name":"Fiji","localized_name":"Fiji (+12:00/+13:00)"},{"name":"Kamchatka","localized_name":"Kamtsjatka (+12:00)"},{"name":"Marshall Is.","localized_name":"Marshall-eyjar (+12:00)"},{"name":"Wellington","localized_name":"Wellington (+12:00/+13:00)"},{"name":"Chatham Is.","localized_name":"Chatham-eyjar (+12:45/+13:45)"},{"name":"Nuku'alofa","localized_name":"Nuku'alofa (+13:00)"},{"name":"Samoa","localized_name":"Samóa (+13:00/+14:00)"},{"name":"Tokelau Is.","localized_name":"Tokelau-eyjar (+13:00)"}]}