{"priority_zones":[{"name":"Hawaii","localized_name":"Hawaje (-10:00)"},{"name":"Alaska","localized_name":"Alaska (-09:00/-08:00)"},{"name":"Pacific Time (US \u0026 Canada)","localized_name":"Czas pacyficzny (USA i Kanada) (-08:00/-07:00)"},{"name":"Arizona","localized_name":"Arizona (-07:00)"},{"name":"Mountain Time (US \u0026 Canada)","localized_name":"Czas górski (USA i Kanada) (-07:00/-06:00)"},{"name":"Central Time (US \u0026 Canada)","localized_name":"Czas centralny (USA i Kanada) (-06:00/-05:00)"},{"name":"Eastern Time (US \u0026 Canada)","localized_name":"Czas wschodni (USA i Kanada) (-05:00/-04:00)"},{"name":"Indiana (East)","localized_name":"Indiana (Wschód) (-05:00/-04:00)"}],"timezones":[{"name":"International Date Line West","localized_name":"Linia zmiany daty (półkula zachodnia) (-12:00)"},{"name":"American Samoa","localized_name":"Samoa Amerykańskie (-11:00)"},{"name":"Midway Island","localized_name":"Midway (-11:00)"},{"name":"Hawaii","localized_name":"Hawaje (-10:00)"},{"name":"Alaska","localized_name":"Alaska (-09:00/-08:00)"},{"name":"Pacific Time (US \u0026 Canada)","localized_name":"Czas pacyficzny (USA i Kanada) (-08:00/-07:00)"},{"name":"Tijuana","localized_name":"Tijuana (-08:00/-07:00)"},{"name":"Arizona","localized_name":"Arizona (-07:00)"},{"name":"Chihuahua","localized_name":"Chihuahua (-07:00/-06:00)"},{"name":"Mazatlan","localized_name":"Mazatlan (-07:00/-06:00)"},{"name":"Mountain Time (US \u0026 Canada)","localized_name":"Czas górski (USA i Kanada) (-07:00/-06:00)"},{"name":"Central America","localized_name":"Ameryka Centralna (-06:00)"},{"name":"Central Time (US \u0026 Canada)","localized_name":"Czas centralny (USA i Kanada) (-06:00/-05:00)"},{"name":"Guadalajara","localized_name":"Guadalajara (-06:00/-05:00)"},{"name":"Mexico City","localized_name":"Meksyk (-06:00/-05:00)"},{"name":"Monterrey","localized_name":"Monterrey (-06:00/-05:00)"},{"name":"Saskatchewan","localized_name":"Saskatchewan (-06:00)"},{"name":"Bogota","localized_name":"Bogota (-05:00)"},{"name":"Eastern Time (US \u0026 Canada)","localized_name":"Czas wschodni (USA i Kanada) (-05:00/-04:00)"},{"name":"Eirunepe","localized_name":"Eirunepe (-05:00)"},{"name":"Indiana (East)","localized_name":"Indiana (Wschód) (-05:00/-04:00)"},{"name":"Lima","localized_name":"Lima (-05:00)"},{"name":"Quito","localized_name":"Quito (-05:00)"},{"name":"Asuncion","localized_name":"Asuncion (-04:00/-03:00)"},{"name":"Atlantic Time (Canada)","localized_name":"Czas atlantycki (Kanada) (-04:00/-03:00)"},{"name":"Caracas","localized_name":"Karakas (-04:00)"},{"name":"Cuiaba","localized_name":"Cuiaba (-04:00/-03:00)"},{"name":"Georgetown","localized_name":"Georgetown (-04:00)"},{"name":"La Paz","localized_name":"La Paz (-04:00)"},{"name":"Manaus","localized_name":"Manaus (-04:00)"},{"name":"Puerto Rico","localized_name":"translation missing: pl.time_zones.puerto_rico (-04:00)"},{"name":"Santiago","localized_name":"Santiago (-04:00/-03:00)"},{"name":"Newfoundland","localized_name":"Nowa Fundlandia (-03:30/-02:30)"},{"name":"Brasilia","localized_name":"Brasilia (-03:00/-02:00)"},{"name":"Buenos Aires","localized_name":"Buenos Aires (-03:00)"},{"name":"Fortaleza","localized_name":"Fortaleza (-03:00)"},{"name":"Greenland","localized_name":"Greenland (-03:00/-02:00)"},{"name":"Montevideo","localized_name":"Montevideo (-03:00)"},{"name":"Mid-Atlantic","localized_name":"Śródatlantycki (-02:00)"},{"name":"Noronha","localized_name":"Noronha (-02:00)"},{"name":"Azores","localized_name":"Azory (-01:00/+00:00)"},{"name":"Cape Verde Is.","localized_name":"Wyspy Zielonego Przylądka (-01:00)"},{"name":"Casablanca","localized_name":"Casablanca (+00:00/+01:00)"},{"name":"Dublin","localized_name":"Dublin (+00:00/+01:00)"},{"name":"Edinburgh","localized_name":"Edynburg (+00:00/+01:00)"},{"name":"Lisbon","localized_name":"Lizbona (+00:00/+01:00)"},{"name":"London","localized_name":"Londyn (+00:00/+01:00)"},{"name":"Monrovia","localized_name":"Monrovia (+00:00)"},{"name":"UTC","localized_name":"UTC (+00:00)"},{"name":"Amsterdam","localized_name":"Amsterdam (+01:00/+02:00)"},{"name":"Belgrade","localized_name":"Belgrad (+01:00/+02:00)"},{"name":"Berlin","localized_name":"Berlin (+01:00/+02:00)"},{"name":"Bern","localized_name":"Berno (+01:00/+02:00)"},{"name":"Bratislava","localized_name":"Bratysława (+01:00/+02:00)"},{"name":"Brussels","localized_name":"Bruksela (+01:00/+02:00)"},{"name":"Budapest","localized_name":"Budapeszt (+01:00/+02:00)"},{"name":"Copenhagen","localized_name":"Kopenhaga (+01:00/+02:00)"},{"name":"Ljubljana","localized_name":"Ljubljana (+01:00/+02:00)"},{"name":"Madrid","localized_name":"Madryt (+01:00/+02:00)"},{"name":"Paris","localized_name":"Paryż (+01:00/+02:00)"},{"name":"Prague","localized_name":"Praga (+01:00/+02:00)"},{"name":"Rome","localized_name":"Rzym (+01:00/+02:00)"},{"name":"Sarajevo","localized_name":"Sarajewo (+01:00/+02:00)"},{"name":"Skopje","localized_name":"Skopje (+01:00/+02:00)"},{"name":"Stockholm","localized_name":"Sztokholm (+01:00/+02:00)"},{"name":"Vienna","localized_name":"Wiedeń (+01:00/+02:00)"},{"name":"Warsaw","localized_name":"Warszawa (+01:00/+02:00)"},{"name":"West Central Africa","localized_name":"Afryka Środkowo-Zachodnia (+01:00)"},{"name":"Zagreb","localized_name":"Zagrzeb (+01:00/+02:00)"},{"name":"Zurich","localized_name":"Zurich (+01:00/+02:00)"},{"name":"Athens","localized_name":"Ateny (+02:00/+03:00)"},{"name":"Bucharest","localized_name":"Bukareszt (+02:00/+03:00)"},{"name":"Cairo","localized_name":"Kair (+02:00)"},{"name":"Harare","localized_name":"Harare (+02:00)"},{"name":"Helsinki","localized_name":"Helsinki (+02:00/+03:00)"},{"name":"Jerusalem","localized_name":"Jerozolima (+02:00/+03:00)"},{"name":"Kaliningrad","localized_name":"Kaliningrad (+02:00)"},{"name":"Kyiv","localized_name":"Kijów (+02:00/+03:00)"},{"name":"Pretoria","localized_name":"Pretoria (+02:00)"},{"name":"Riga","localized_name":"Ryga (+02:00/+03:00)"},{"name":"Sofia","localized_name":"Sofia (+02:00/+03:00)"},{"name":"Tallinn","localized_name":"Tallinn (+02:00/+03:00)"},{"name":"Vilnius","localized_name":"Wilno (+02:00/+03:00)"},{"name":"Baghdad","localized_name":"Bagdad (+03:00)"},{"name":"Istanbul","localized_name":"Stambuł (+03:00)"},{"name":"Kuwait","localized_name":"Kuwejt (+03:00)"},{"name":"Minsk","localized_name":"Mińsk (+03:00)"},{"name":"Moscow","localized_name":"Moskwa (+03:00)"},{"name":"Nairobi","localized_name":"Nairobi (+03:00)"},{"name":"Riyadh","localized_name":"Rijad (+03:00)"},{"name":"St. Petersburg","localized_name":"Sankt Petersburg (+03:00)"},{"name":"Volgograd","localized_name":"Wołgograd (+03:00)"},{"name":"Tehran","localized_name":"Tehran (+03:30/+04:30)"},{"name":"Abu Dhabi","localized_name":"Abu Dhabi (+04:00)"},{"name":"Baku","localized_name":"Baku (+04:00)"},{"name":"Muscat","localized_name":"Maskat (+04:00)"},{"name":"Samara","localized_name":"Samara (+04:00)"},{"name":"Tbilisi","localized_name":"Tbilisi (+04:00)"},{"name":"Yerevan","localized_name":"Erywań (+04:00)"},{"name":"Kabul","localized_name":"Kabul (+04:30)"},{"name":"Ekaterinburg","localized_name":"Jekaterynburg (+05:00)"},{"name":"Islamabad","localized_name":"Islamabad (+05:00)"},{"name":"Karachi","localized_name":"Karaczi (+05:00)"},{"name":"Tashkent","localized_name":"Taszkent (+05:00)"},{"name":"Chennai","localized_name":"Cennaj (+05:30)"},{"name":"Kolkata","localized_name":"Kolakata (+05:30)"},{"name":"Mumbai","localized_name":"Mumbaj (+05:30)"},{"name":"New Delhi","localized_name":"Nowe Delhi (+05:30)"},{"name":"Sri Jayawardenepura","localized_name":"Sri Dźajawardanapura (+05:30)"},{"name":"Kathmandu","localized_name":"Katmandu (+05:45)"},{"name":"Almaty","localized_name":"Ałmaty (+06:00)"},{"name":"Astana","localized_name":"Astana (+06:00)"},{"name":"Dhaka","localized_name":"Dhaka (+06:00)"},{"name":"Urumqi","localized_name":"Urumczi (+06:00)"},{"name":"Rangoon","localized_name":"Rangun (+06:30)"},{"name":"Bangkok","localized_name":"Bangkok (+07:00)"},{"name":"Hanoi","localized_name":"Hanoi (+07:00)"},{"name":"Jakarta","localized_name":"Dźakarta (+07:00)"},{"name":"Krasnoyarsk","localized_name":"Krasnojarsk (+07:00)"},{"name":"Novosibirsk","localized_name":"Nowosybirsk (+07:00)"},{"name":"Beijing","localized_name":"Pekin (+08:00)"},{"name":"Chongqing","localized_name":"Chongqing (+08:00)"},{"name":"Hong Kong","localized_name":"Hong Kong (+08:00)"},{"name":"Irkutsk","localized_name":"Irkuck (+08:00)"},{"name":"Kuala Lumpur","localized_name":"Kuala Lumpur (+08:00)"},{"name":"Perth","localized_name":"Perth (+08:00)"},{"name":"Philippines","localized_name":"Filipiny (+08:00)"},{"name":"Singapore","localized_name":"Singapur (+08:00)"},{"name":"Taipei","localized_name":"Tajpej (+08:00)"},{"name":"Ulaanbaatar","localized_name":"Ulaanbaatar (+08:00)"},{"name":"Osaka","localized_name":"Osaka (+09:00)"},{"name":"Sapporo","localized_name":"Sapporo (+09:00)"},{"name":"Seoul","localized_name":"Seul (+09:00)"},{"name":"Tokyo","localized_name":"Tokio (+09:00)"},{"name":"Yakutsk","localized_name":"Jakuck (+09:00)"},{"name":"Adelaide","localized_name":"Adelajda (+09:30/+10:30)"},{"name":"Darwin","localized_name":"Darwin (+09:30)"},{"name":"Brisbane","localized_name":"Brisbane (+10:00)"},{"name":"Canberra","localized_name":"Canberra (+10:00/+11:00)"},{"name":"Guam","localized_name":"Guam (+10:00)"},{"name":"Hobart","localized_name":"Hobart (+10:00/+11:00)"},{"name":"Melbourne","localized_name":"Melbourne (+10:00/+11:00)"},{"name":"Port Moresby","localized_name":"Port Moresby (+10:00)"},{"name":"Sydney","localized_name":"Sidney (+10:00/+11:00)"},{"name":"Vladivostok","localized_name":"Władywostok (+10:00)"},{"name":"Magadan","localized_name":"Magadan (+11:00)"},{"name":"New Caledonia","localized_name":"Nowa Kaledonia (+11:00)"},{"name":"Solomon Is.","localized_name":"Wyspy Salomona (+11:00)"},{"name":"Srednekolymsk","localized_name":"Sriedniekołymsk (+11:00)"},{"name":"Auckland","localized_name":"Auckland (+12:00/+13:00)"},{"name":"Fiji","localized_name":"Fidżi (+12:00/+13:00)"},{"name":"Kamchatka","localized_name":"Kamczatka (+12:00)"},{"name":"Marshall Is.","localized_name":"Wyspy Marshalla (+12:00)"},{"name":"Wellington","localized_name":"Wellington (+12:00/+13:00)"},{"name":"Chatham Is.","localized_name":"Wyspa Chatham (+12:45/+13:45)"},{"name":"Nuku'alofa","localized_name":"Nuku'alofa (+13:00)"},{"name":"Samoa","localized_name":"Samoa (+13:00/+14:00)"},{"name":"Tokelau Is.","localized_name":"Wyspy Tokelau (+13:00)"}]}